{"cameraMode":{"drawMode":0,"name":"Shaded","section":"Shading Mode"},"sceneLighting":false,"audioPlay":false,"sceneViewState":{"m_AlwaysRefresh":false,"showFog":true,"showSkybox":false,"showFlares":true,"showImageEffects":true,"showParticleSystems":true,"showVisualEffectGraphs":true,"m_FxEnabled":true},"in2DMode":false,"pivot":{"x":0.15215754508972169,"y":1.9138245582580567,"z":-1.551615595817566},"rotation":{"x":-0.18451227247714997,"y":0.34727248549461367,"z":-0.06989309191703797,"w":-0.9167726635932922},"size":7.193969249725342,"orthographic":false}